fecha,local,visitante,escudo_local,escudo_visitante,goles_esperados_local,goles_esperados_visitante,marcadores_probables,explicacion_ia,pick_recomendado,es_combo,pick_probabilidad,pick_cuota_aprox,cuota_es_real,casa_apuestas,_event_id_odds,_local_odds_api,_visitante_odds_api,pick_es_seguro,calidad_datos,prob_local,prob_empate,prob_visitante,doble_op_1X,doble_op_X2,btts_si,btts_no,over_25,under_25,Over 5.5 corners,Under 5.5 corners,Over 6.5 corners,Under 6.5 corners,Over 7.5 corners,Under 7.5 corners,Over 8.5 corners,Under 8.5 corners,Over 9.5 corners,Under 9.5 corners,Over 10.5 corners,Under 10.5 corners,Over 11.5 corners,Under 11.5 corners,Over 12.5 corners,Under 12.5 corners,Over 13.5 corners,Under 13.5 corners,Más corners: West Brom,Más corners: Birmingham,Over 6.5 tiros a puerta,Under 6.5 tiros a puerta,Over 7.5 tiros a puerta,Under 7.5 tiros a puerta,Over 8.5 tiros a puerta,Under 8.5 tiros a puerta,Over 9.5 tiros a puerta,Under 9.5 tiros a puerta,Más tiros a puerta: West Brom,Más tiros a puerta: Birmingham,Over 20.5 faltas,Under 20.5 faltas,Over 21.5 faltas,Under 21.5 faltas,Over 22.5 faltas,Under 22.5 faltas,Over 23.5 faltas,Under 23.5 faltas,Más faltas: West Brom,Más faltas: Birmingham,Over 21.5 tiros totales,Under 21.5 tiros totales,Over 22.5 tiros totales,Under 22.5 tiros totales,Over 23.5 tiros totales,Under 23.5 tiros totales,Over 24.5 tiros totales,Under 24.5 tiros totales,Más tiros totales: West Brom,Más tiros totales: Birmingham,Hándicap asiático -0.5: West Brom,Hándicap asiático +0.5: Birmingham,Hándicap asiático +0.5: West Brom,Hándicap asiático -0.5: Birmingham,Hándicap asiático +1.5: West Brom,Hándicap asiático -1.5: Birmingham,Hándicap asiático +2.5: West Brom,Hándicap asiático -2.5: Birmingham,Hándicap europeo +0: Cubre West Brom,Hándicap europeo +0: Empate en el hándicap,Hándicap europeo +0: Cubre Birmingham,Hándicap europeo +1: Cubre West Brom,Hándicap europeo +1: Empate en el hándicap,Hándicap europeo +1: Cubre Birmingham,Hándicap europeo +2: Cubre West Brom,Hándicap europeo +2: Empate en el hándicap,Hándicap europeo +2: Cubre Birmingham,Más corners: Swansea,Más corners: Norwich,Over 10.5 tiros a puerta,Under 10.5 tiros a puerta,Más tiros a puerta: Swansea,Más tiros a puerta: Norwich,Over 24.5 faltas,Under 24.5 faltas,Más faltas: Swansea,Más faltas: Norwich,Over 25.5 tiros totales,Under 25.5 tiros totales,Más tiros totales: Swansea,Más tiros totales: Norwich,Hándicap asiático -0.5: Swansea,Hándicap asiático +0.5: Norwich,Hándicap asiático +0.5: Swansea,Hándicap asiático -0.5: Norwich,Hándicap asiático +1.5: Swansea,Hándicap asiático -1.5: Norwich,Hándicap asiático +2.5: Swansea,Hándicap asiático -2.5: Norwich,Hándicap europeo -1: Cubre Swansea,Hándicap europeo -1: Empate en el hándicap,Hándicap europeo -1: Cubre Norwich,Hándicap europeo +0: Cubre Swansea,Hándicap europeo +0: Cubre Norwich,Hándicap europeo +1: Cubre Swansea,Hándicap europeo +1: Cubre Norwich,Más corners: Charlton,Más corners: Bristol City,Más tiros a puerta: Charlton,Más tiros a puerta: Bristol City,Más faltas: Charlton,Más faltas: Bristol City,Over 26.5 tiros totales,Under 26.5 tiros totales,Over 27.5 tiros totales,Under 27.5 tiros totales,Más tiros totales: Charlton,Más tiros totales: Bristol City,Hándicap asiático -1.5: Charlton,Hándicap asiático +1.5: Bristol City,Hándicap asiático -0.5: Charlton,Hándicap asiático +0.5: Bristol City,Hándicap asiático +0.5: Charlton,Hándicap asiático -0.5: Bristol City,Hándicap asiático +1.5: Charlton,Hándicap asiático -1.5: Bristol City,Hándicap europeo -1: Cubre Charlton,Hándicap europeo -1: Cubre Bristol City,Hándicap europeo +0: Cubre Charlton,Hándicap europeo +0: Cubre Bristol City,Hándicap europeo +1: Cubre Charlton,Hándicap europeo +1: Cubre Bristol City,Más corners: Sheffield United,Más corners: Lincoln,Más tiros a puerta: Sheffield United,Más tiros a puerta: Lincoln,Over 25.5 faltas,Under 25.5 faltas,Más faltas: Sheffield United,Más faltas: Lincoln,Over 28.5 tiros totales,Under 28.5 tiros totales,Over 29.5 tiros totales,Under 29.5 tiros totales,Over 30.5 tiros totales,Under 30.5 tiros totales,Más tiros totales: Sheffield United,Más tiros totales: Lincoln,Hándicap asiático -1.5: Sheffield United,Hándicap asiático +1.5: Lincoln,Hándicap asiático -0.5: Sheffield United,Hándicap asiático +0.5: Lincoln,Hándicap asiático +0.5: Sheffield United,Hándicap asiático -0.5: Lincoln,Hándicap asiático +1.5: Sheffield United,Hándicap asiático -1.5: Lincoln,Hándicap europeo -1: Cubre Sheffield United,Hándicap europeo -1: Cubre Lincoln,Hándicap europeo +0: Cubre Sheffield United,Hándicap europeo +0: Cubre Lincoln,Hándicap europeo +1: Cubre Sheffield United,Hándicap europeo +1: Cubre Lincoln,Más corners: Watford,Más corners: Burnley,Más tiros a puerta: Watford,Más tiros a puerta: Burnley,Más faltas: Watford,Más faltas: Burnley,Más tiros totales: Watford,Más tiros totales: Burnley,Hándicap asiático -1.5: Watford,Hándicap asiático +1.5: Burnley,Hándicap asiático -0.5: Watford,Hándicap asiático +0.5: Burnley,Hándicap asiático +0.5: Watford,Hándicap asiático -0.5: Burnley,Hándicap asiático +1.5: Watford,Hándicap asiático -1.5: Burnley,Hándicap europeo -1: Cubre Watford,Hándicap europeo -1: Cubre Burnley,Hándicap europeo +0: Cubre Watford,Hándicap europeo +0: Cubre Burnley,Hándicap europeo +1: Cubre Watford,Hándicap europeo +1: Cubre Burnley,Más corners: Derby,Más corners: Wrexham,Over 5.5 tiros a puerta,Under 5.5 tiros a puerta,Más tiros a puerta: Derby,Más tiros a puerta: Wrexham,Over 19.5 faltas,Under 19.5 faltas,Más faltas: Derby,Más faltas: Wrexham,Más tiros totales: Derby,Más tiros totales: Wrexham,Hándicap asiático -0.5: Derby,Hándicap asiático +0.5: Wrexham,Hándicap asiático +0.5: Derby,Hándicap asiático -0.5: Wrexham,Hándicap asiático +1.5: Derby,Hándicap asiático -1.5: Wrexham,Hándicap asiático +2.5: Derby,Hándicap asiático -2.5: Wrexham,Hándicap europeo -1: Cubre Derby,Hándicap europeo -1: Cubre Wrexham,Hándicap europeo +0: Cubre Derby,Hándicap europeo +0: Cubre Wrexham,Hándicap europeo +1: Cubre Derby,Hándicap europeo +1: Cubre Wrexham,Más corners: Blackburn,Más corners: Cardiff,Más tiros a puerta: Blackburn,Más tiros a puerta: Cardiff,Más faltas: Blackburn,Más faltas: Cardiff,Más tiros totales: Blackburn,Más tiros totales: Cardiff,Hándicap asiático -0.5: Blackburn,Hándicap asiático +0.5: Cardiff,Hándicap asiático +0.5: Blackburn,Hándicap asiático -0.5: Cardiff,Hándicap asiático +1.5: Blackburn,Hándicap asiático -1.5: Cardiff,Hándicap asiático +2.5: Blackburn,Hándicap asiático -2.5: Cardiff,Hándicap europeo -1: Cubre Blackburn,Hándicap europeo -1: Cubre Cardiff,Hándicap europeo +0: Cubre Blackburn,Hándicap europeo +0: Cubre Cardiff,Hándicap europeo +1: Cubre Blackburn,Hándicap europeo +1: Cubre Cardiff,Más corners: Bolton,Más corners: Stoke,Over 11.5 tiros a puerta,Under 11.5 tiros a puerta,Over 12.5 tiros a puerta,Under 12.5 tiros a puerta,Más tiros a puerta: Bolton,Más tiros a puerta: Stoke,Más faltas: Bolton,Más faltas: Stoke,Más tiros totales: Bolton,Más tiros totales: Stoke,Hándicap asiático -0.5: Bolton,Hándicap asiático +0.5: Stoke,Hándicap asiático +0.5: Bolton,Hándicap asiático -0.5: Stoke,Hándicap asiático +1.5: Bolton,Hándicap asiático -1.5: Stoke,Hándicap asiático +2.5: Bolton,Hándicap asiático -2.5: Stoke,Hándicap europeo -1: Cubre Bolton,Hándicap europeo -1: Cubre Stoke,Hándicap europeo +0: Cubre Bolton,Hándicap europeo +0: Cubre Stoke,Hándicap europeo +1: Cubre Bolton,Hándicap europeo +1: Cubre Stoke,Más corners: Preston,Más corners: Millwall,Más tiros a puerta: Preston,Más tiros a puerta: Millwall,Más faltas: Preston,Más faltas: Millwall,Más tiros totales: Preston,Más tiros totales: Millwall,Hándicap asiático -1.5: Preston,Hándicap asiático +1.5: Millwall,Hándicap asiático -0.5: Preston,Hándicap asiático +0.5: Millwall,Hándicap asiático +0.5: Preston,Hándicap asiático -0.5: Millwall,Hándicap asiático +1.5: Preston,Hándicap asiático -1.5: Millwall,Hándicap europeo -1: Cubre Preston,Hándicap europeo -1: Cubre Millwall,Hándicap europeo +0: Cubre Preston,Hándicap europeo +0: Cubre Millwall,Hándicap europeo +1: Cubre Preston,Hándicap europeo +1: Cubre Millwall,Más corners: Middlesbrough,Más corners: Wolves,Más tiros a puerta: Middlesbrough,Más tiros a puerta: Wolves,Más faltas: Middlesbrough,Más faltas: Wolves,Más tiros totales: Middlesbrough,Más tiros totales: Wolves,Hándicap asiático -0.5: Middlesbrough,Hándicap asiático +0.5: Wolves,Hándicap asiático +0.5: Middlesbrough,Hándicap asiático -0.5: Wolves,Hándicap asiático +1.5: Middlesbrough,Hándicap asiático -1.5: Wolves,Hándicap asiático +2.5: Middlesbrough,Hándicap asiático -2.5: Wolves,Hándicap europeo -1: Cubre Middlesbrough,Hándicap europeo -1: Cubre Wolves,Hándicap europeo +0: Cubre Middlesbrough,Hándicap europeo +0: Cubre Wolves,Hándicap europeo +1: Cubre Middlesbrough,Hándicap europeo +1: Cubre Wolves
2026-10-10 11:30:00,West Brom,Birmingham,https://crests.football-data.org/74.png,https://crests.football-data.org/332.png,1.47,0.73,"[{'marcador': '1-0', 'probabilidad': np.float64(14.8)}, {'marcador': '1-1', 'probabilidad': np.float64(13.2)}, {'marcador': '0-0', 'probabilidad': np.float64(12.4)}, {'marcador': '2-0', 'probabilidad': np.float64(10.9)}, {'marcador': '2-1', 'probabilidad': np.float64(9.7)}]","['Goles esperados según nuestro modelo: West Brom 1.47 — 0.73 Birmingham (favorece a West Brom)', 'Forma reciente de West Brom (últimos 5): 2V-2E-1D', 'Forma reciente de Birmingham (últimos 5): 1V-3E-1D', 'Índice de ataque (nuestro modelo): West Brom 0.99 de local vs Birmingham 0.78 de visitante (1.00 = promedio de la liga)', 'Índice de defensa (nuestro modelo): West Brom 0.81 de local vs Birmingham 1.04 de visitante (más bajo = defensa más sólida)', 'Índice de córners (nuestro modelo): West Brom genera 1.11 de local vs Birmingham 1.02 de visitante (1.00 = promedio de la liga) — esto respalda el mercado de córners recomendado', 'El pick recomendado, ""Under 12.5 corners"", alcanza 81.9% de probabilidad calibrada según nuestro modelo.']",Under 12.5 corners,False,81.9,1.12,False,,3e8a2baae4566a7c7fcc390dc089e9b8,West Bromwich Albion,Birmingham City,True,completo,52.9,26.2,20.9,79.1,47.1,36.9,63.1,31.9,68.1,92.1,7.9,85.0,15.0,75.1,24.9,63.2,36.8,50.4,49.6,37.9,62.1,26.9,73.1,18.1,81.9,11.5,88.5,67.9,21.3,53.9,44.5,42.5,55.9,33.0,65.5,26.4,72.3,63.4,27.0,53.7,41.0,46.4,48.2,39.5,55.3,33.4,61.7,21.8,70.4,59.9,40.1,51.6,48.4,43.3,56.7,35.4,64.6,79.9,14.7,53.3,46.7,82.9,17.1,95.3,4.7,99.0,1.0,53.3,29.6,17.1,82.9,12.3,4.7,95.3,3.7,1.0,,,,,,,,,,,,,,,,,,,,,,,,,,,,,,,,,,,,,,,,,,,,,,,,,,,,,,,,,,,,,,,,,,,,,,,,,,,,,,,,,,,,,,,,,,,,,,,,,,,,,,,,,,,,,,,,,,,,,,,,,,,,,,,,,,,,,,,,,,,,,,,,,,,,,,,,,,,,,,,,,,,,,,,,,,,,,,,,,,,,,,,,,,,,,,,,,,,,,,,,,,,,,,,,,,,,,,,,,,,,,,,,,
2026-10-10 11:30:00,Swansea,Norwich,https://crests.football-data.org/72.png,https://crests.football-data.org/68.png,1.42,1.28,"[{'marcador': '1-1', 'probabilidad': np.float64(13.5)}, {'marcador': '2-1', 'probabilidad': np.float64(9.5)}, {'marcador': '1-2', 'probabilidad': np.float64(8.6)}, {'marcador': '0-0', 'probabilidad': np.float64(8.1)}, {'marcador': '1-0', 'probabilidad': np.float64(8.0)}]","['Goles esperados según nuestro modelo: Swansea 1.42 — 1.28 Norwich (favorece a Swansea)', 'Forma reciente de Swansea (últimos 5): 3V-1E-1D — viene de ganar 2 partidos consecutivos', 'Forma reciente de Norwich (últimos 5): 2V-0E-3D — viene de perder 2 partidos consecutivos', 'Índice de ataque (nuestro modelo): Swansea 0.98 de local vs Norwich 1.19 de visitante (1.00 = promedio de la liga)', 'Índice de defensa (nuestro modelo): Swansea 0.94 de local vs Norwich 1.01 de visitante (más bajo = defensa más sólida)', 'Índice de córners (nuestro modelo): Swansea genera 0.88 de local vs Norwich 1.06 de visitante (1.00 = promedio de la liga) — esto respalda el mercado de córners recomendado', 'El pick recomendado, ""Under 12.5 corners"", alcanza 81.3% de probabilidad calibrada según nuestro modelo.']",Under 12.5 corners,False,81.3,1.13,False,,,,,True,completo,40.3,27.7,32.0,68.0,59.7,55.9,44.1,47.7,52.3,92.4,7.6,85.5,14.5,75.9,24.1,64.1,35.9,51.3,48.7,38.8,61.2,27.8,72.2,18.7,81.3,11.9,88.1,,,,,54.3,44.1,43.6,54.8,34.4,64.1,,,,,50.4,44.2,43.3,51.3,36.8,58.1,,,,,60.8,39.2,52.7,47.3,44.5,55.5,,,,,,,,,,,,29.0,,,18.7,,,,,43.7,43.3,27.7,71.0,43.7,43.8,31.1,64.1,36.4,51.6,36.8,63.2,51.4,40.5,38.7,61.3,67.7,32.3,86.4,13.6,95.5,4.5,17.8,20.9,61.3,38.7,32.3,67.7,13.6,,,,,,,,,,,,,,,,,,,,,,,,,,,,,,,,,,,,,,,,,,,,,,,,,,,,,,,,,,,,,,,,,,,,,,,,,,,,,,,,,,,,,,,,,,,,,,,,,,,,,,,,,,,,,,,,,,,,,,,,,,,,,,,,,,,,,,,,,,,,,,,,,,,,,,,,,,,,,,,,,,,,,,,,,,,,,,,,,,,,,,,,,,,,,,,,,,,,
2026-10-10 11:30:00,Charlton,Bristol City,https://crests.football-data.org/348.png,https://crests.football-data.org/387.png,0.97,0.99,"[{'marcador': '0-0', 'probabilidad': np.float64(15.6)}, {'marcador': '1-1', 'probabilidad': np.float64(15.0)}, {'marcador': '0-1', 'probabilidad': np.float64(12.2)}, {'marcador': '1-0', 'probabilidad': np.float64(11.9)}, {'marcador': '1-2', 'probabilidad': np.float64(7.5)}]","['Goles esperados según nuestro modelo: Charlton 0.97 — 0.99 Bristol City (favorece a Bristol City)', 'Forma reciente de Charlton (últimos 5): 0V-3E-2D', 'Forma reciente de Bristol City (últimos 5): 3V-0E-2D', 'Índice de ataque (nuestro modelo): Charlton 0.67 de local vs Bristol City 1.00 de visitante (1.00 = promedio de la liga)', 'Índice de defensa (nuestro modelo): Charlton 0.87 de local vs Bristol City 1.01 de visitante (más bajo = defensa más sólida)', 'Índice de córners (nuestro modelo): Charlton genera 0.91 de local vs Bristol City 1.03 de visitante (1.00 = promedio de la liga) — esto respalda el mercado de córners recomendado', 'El pick recomendado, ""Under 12.5 corners"", alcanza 82.0% de probabilidad calibrada según nuestro modelo.']",Under 12.5 corners,False,82.0,1.12,False,,4e129a33a3e42b361294e9dd393c9513,Charlton Athletic,Bristol City,True,completo,35.5,29.7,34.8,65.2,64.5,35.9,64.1,25.6,74.4,92.0,8.0,84.9,15.1,75.1,24.9,63.2,36.8,50.3,49.7,37.9,62.1,26.9,73.1,18.0,82.0,11.4,88.6,,,59.0,39.5,47.8,50.5,37.5,60.9,29.6,69.0,,,51.7,43.0,44.5,50.2,37.7,57.2,31.8,63.4,,,,,,,,,54.3,45.7,,,,,,,,,,,,34.6,,,21.0,,,,,,,,,,,,,,,46.3,53.7,,,,,,,,,,,,20.5,,,,,,41.9,45.1,42.3,44.8,56.6,32.0,38.6,61.4,31.4,68.6,38.3,53.9,11.6,88.4,32.1,67.9,66.7,33.3,87.7,12.3,11.6,67.9,32.1,33.3,66.7,12.3,,,,,,,,,,,,,,,,,,,,,,,,,,,,,,,,,,,,,,,,,,,,,,,,,,,,,,,,,,,,,,,,,,,,,,,,,,,,,,,,,,,,,,,,,,,,,,,,,,,,,,,,,,,,,,,,,,,,,,,,,,,,,,,,,,,,,,,,,,,,,,,,,,,,,,,,,,,,,,,,,,,,,,,,,,
2026-10-10 14:00:00,Sheffield United,Lincoln,https://crests.football-data.org/356.png,https://crests.football-data.org/1126.png,0.54,0.99,"[{'marcador': '0-0', 'probabilidad': np.float64(23.0)}, {'marcador': '0-1', 'probabilidad': np.float64(20.0)}, {'marcador': '1-1', 'probabilidad': np.float64(12.9)}, {'marcador': '1-0', 'probabilidad': np.float64(10.3)}, {'marcador': '0-2', 'probabilidad': np.float64(9.8)}]","['Goles esperados según nuestro modelo: Sheffield United 0.54 — 0.99 Lincoln (favorece a Lincoln)', 'Forma reciente de Sheffield United (últimos 5): 2V-0E-3D — viene de perder 2 partidos consecutivos', 'Forma reciente de Lincoln (últimos 5): 2V-2E-1D', 'Índice de ataque (nuestro modelo): Sheffield United 1.11 de local vs Lincoln 0.87 de visitante (1.00 = promedio de la liga)', 'Índice de defensa (nuestro modelo): Sheffield United 0.99 de local vs Lincoln 0.34 de visitante (más bajo = defensa más sólida)', 'El pick recomendado, ""Hándicap asiático +0.5: Lincoln"", alcanza 81.7% de probabilidad calibrada según nuestro modelo.']",Hándicap asiático +0.5: Lincoln,False,81.7,1.12,False,,6e370faecd2f841fc843ec49c641a9e3,Sheffield United,Lincoln City,True,completo,25.3,29.8,44.9,55.1,74.7,22.0,78.0,15.9,84.1,99.9,0.1,99.8,0.2,99.6,0.4,99.0,1.0,97.9,2.1,95.9,4.1,92.9,7.1,88.4,11.6,82.4,17.6,,,60.9,37.5,50.1,48.3,39.6,58.9,31.2,67.4,,,,,,,54.6,40.2,47.7,46.9,,,,,,,,,,,,,,,,,,,,,,37.8,,,26.9,,,,,,,,,,,41.0,53.7,,,,,,,,,,,,,,,,14.1,,,,,,,,,,,,,,54.2,45.8,,,,,,,,,,,,,,,,,99.5,0.2,70.6,22.8,34.9,60.1,21.6,71.0,46.7,53.3,39.4,60.6,32.5,67.5,97.2,1.8,4.1,95.9,18.3,81.7,56.1,43.9,83.0,17.0,4.1,81.7,18.3,43.9,56.1,17.0,,,,,,,,,,,,,,,,,,,,,,,,,,,,,,,,,,,,,,,,,,,,,,,,,,,,,,,,,,,,,,,,,,,,,,,,,,,,,,,,,,,,,,,,,,,,,,,,,,,,,,,,,,,,,,,,,,,,,,,,,,,,,,,,,,,,,,,,,,,,
2026-10-10 14:00:00,Watford,Burnley,https://crests.football-data.org/346.png,https://crests.football-data.org/328.png,0.89,1.38,"[{'marcador': '1-1', 'probabilidad': np.float64(14.1)}, {'marcador': '0-1', 'probabilidad': np.float64(12.5)}, {'marcador': '0-0', 'probabilidad': np.float64(11.7)}, {'marcador': '1-2', 'probabilidad': np.float64(9.7)}, {'marcador': '0-2', 'probabilidad': np.float64(8.7)}]","['Goles esperados según nuestro modelo: Watford 0.89 — 1.38 Burnley (favorece a Burnley)', 'Forma reciente de Watford (últimos 5): 1V-0E-4D — viene de perder 2 partidos consecutivos', 'Forma reciente de Burnley (últimos 5): 0V-3E-2D', 'Índice de ataque (nuestro modelo): Watford 0.92 de local vs Burnley 1.25 de visitante (1.00 = promedio de la liga)', 'Índice de defensa (nuestro modelo): Watford 0.96 de local vs Burnley 0.68 de visitante (más bajo = defensa más sólida)', 'Índice de córners (nuestro modelo): Watford genera 0.98 de local vs Burnley 0.98 de visitante (1.00 = promedio de la liga) — esto respalda el mercado de córners recomendado', 'El pick recomendado, ""Under 11.5 corners"", alcanza 83.1% de probabilidad calibrada según nuestro modelo.']",Under 11.5 corners,False,83.1,1.1,False,,92f161645aed415d240b06de729f5015,Watford,Burnley,True,completo,27.6,27.6,44.8,55.2,72.4,42.5,57.5,34.5,65.5,86.5,13.5,76.5,23.5,64.1,35.9,50.5,49.5,37.4,62.6,26.0,74.0,16.9,83.1,10.4,89.6,6.0,94.0,,,,,54.1,44.3,43.5,54.9,34.3,64.2,,,,,56.2,38.6,49.2,45.4,42.3,52.4,,,,,,,58.7,41.3,50.7,49.3,,,,,,,,,,,,30.7,,,24.5,,,,,,,27.6,71.1,,,36.0,58.9,,,42.8,57.2,,,,,,,,,,,,15.3,,,,,,,,,,,,35.2,64.8,,,,,,,,,,,,,,,,,,,,,,,,,,,,,,,,,,,,,,,,,,,,,,,,,37.2,49.2,35.3,53.1,56.2,32.6,34.0,58.3,7.4,92.6,22.8,77.2,53.5,46.5,78.0,22.0,7.4,77.2,22.8,46.5,53.5,22.0,,,,,,,,,,,,,,,,,,,,,,,,,,,,,,,,,,,,,,,,,,,,,,,,,,,,,,,,,,,,,,,,,,,,,,,,,,,,,,,,,,,,,,,,,,,,,,,,,,,,,,,,,,,,,,,,,,,,,,
2026-10-10 14:00:00,Derby,Wrexham,https://crests.football-data.org/342.png,https://crests.football-data.org/404.png,1.13,1.13,"[{'marcador': '1-1', 'probabilidad': np.float64(14.8)}, {'marcador': '0-0', 'probabilidad': np.float64(12.0)}, {'marcador': '1-0', 'probabilidad': np.float64(10.1)}, {'marcador': '0-1', 'probabilidad': np.float64(10.1)}, {'marcador': '2-1', 'probabilidad': np.float64(8.3)}]","['Goles esperados según nuestro modelo: Derby 1.13 — 1.13 Wrexham (favorece a Derby)', 'Forma reciente de Derby (últimos 5): 1V-1E-3D', 'Forma reciente de Wrexham (últimos 5): 2V-2E-1D', 'Índice de ataque (nuestro modelo): Derby 0.84 de local vs Wrexham 1.03 de visitante (1.00 = promedio de la liga)', 'Índice de defensa (nuestro modelo): Derby 0.96 de local vs Wrexham 0.94 de visitante (más bajo = defensa más sólida)', 'Índice de córners (nuestro modelo): Derby genera 0.99 de local vs Wrexham 0.88 de visitante (1.00 = promedio de la liga) — esto respalda el mercado de córners recomendado', 'El pick recomendado, ""Under 12.5 corners"", alcanza 80.7% de probabilidad calibrada según nuestro modelo.']",Under 12.5 corners,False,80.7,1.14,False,,9f2bb19d00e60d89a304ff8c8da85e2c,Derby County,Wrexham AFC,True,completo,36.7,28.8,34.4,65.6,63.3,44.4,55.6,34.0,66.0,92.6,7.4,85.9,14.1,76.5,23.5,64.8,35.2,52.1,47.9,39.6,60.4,28.5,71.5,19.3,80.7,12.4,87.6,,,49.7,48.7,38.5,59.9,30.0,68.7,,,,,43.5,51.1,36.7,58.2,30.8,64.4,,,,,52.9,47.1,44.4,55.6,36.3,63.7,28.9,71.1,,,,,,,,,,,,32.1,,,20.4,,,,,,,,,,,,,,,,,,,,,,,,,,,,20.4,,,,,,,,,,,,,,,,,,,,,,,,,,,,,,,,,,,,,,,,,,,,,,,,,,,,,,,,,,,,,,,,,,,,,,,,,,,,,,,,,,,,66.0,22.9,61.4,37.1,55.5,32.5,51.0,43.7,45.6,41.6,76.3,17.6,34.0,66.0,66.1,33.9,86.5,13.5,95.8,4.2,13.5,66.0,34.0,33.9,66.1,13.5,,,,,,,,,,,,,,,,,,,,,,,,,,,,,,,,,,,,,,,,,,,,,,,,,,,,,,,,,,,,,,,,,,,,,,,,,,,,,,,,,,,,,,,,,,,,
2026-10-10 14:00:00,Blackburn,Cardiff,https://crests.football-data.org/59.png,https://crests.football-data.org/715.png,1.44,1.07,"[{'marcador': '1-1', 'probabilidad': np.float64(13.8)}, {'marcador': '1-0', 'probabilidad': np.float64(10.1)}, {'marcador': '2-1', 'probabilidad': np.float64(10.0)}, {'marcador': '0-0', 'probabilidad': np.float64(9.5)}, {'marcador': '1-2', 'probabilidad': np.float64(7.4)}]","['Goles esperados según nuestro modelo: Blackburn 1.44 — 1.07 Cardiff (favorece a Blackburn)', 'Forma reciente de Blackburn (últimos 5): 1V-2E-2D', 'Forma reciente de Cardiff (últimos 5): 1V-1E-3D', 'Índice de ataque (nuestro modelo): Blackburn 0.84 de local vs Cardiff 0.92 de visitante (1.00 = promedio de la liga)', 'Índice de defensa (nuestro modelo): Blackburn 1.01 de local vs Cardiff 1.20 de visitante (más bajo = defensa más sólida)', 'Índice de córners (nuestro modelo): Blackburn genera 0.97 de local vs Cardiff 0.94 de visitante (1.00 = promedio de la liga) — esto respalda el mercado de córners recomendado', 'El pick recomendado, ""Under 13.5 corners"", alcanza 86.6% de probabilidad calibrada según nuestro modelo.']",Under 13.5 corners,False,86.6,1.05,False,,713bc529f655efc0aff6109cb2396c11,Blackburn Rovers,Cardiff City,True,completo,44.9,27.5,27.6,72.4,55.1,50.0,50.0,41.7,58.3,93.2,6.8,86.8,13.2,77.8,22.2,66.4,33.6,53.9,46.1,41.4,58.6,30.0,70.0,20.6,79.4,13.4,86.6,,,61.1,37.4,50.2,48.2,39.7,58.8,31.3,67.3,,,54.1,40.6,46.9,47.7,39.9,54.8,33.7,61.3,,,,,59.2,40.8,51.1,48.9,42.9,57.1,,,,,,,,,,,,29.7,,,16.6,,,,,,,,,,,,,,,35.2,64.8,,,,,,,,,,,,23.0,,,,,,,,,,,,,,,,,,,,,,,,,,,,,,,,,,,,,,,,,,,,,,,,,,,,,,,,,,,,,,,,,,,,,,,,,,,,,,,,,,,,,,,,,,,,,,,,,,,,,,,,,,,,,,56.2,31.6,44.8,42.5,43.6,43.9,56.2,35.8,43.9,56.1,73.6,26.4,90.2,9.8,97.2,2.8,20.9,56.1,43.9,26.4,73.6,9.8,,,,,,,,,,,,,,,,,,,,,,,,,,,,,,,,,,,,,,,,,,,,,,,,,,,,,,,,,,,,,,,,,,,,,,
2026-10-10 14:00:00,Bolton,Stoke,https://crests.football-data.org/60.png,https://crests.football-data.org/70.png,1.16,1.01,"[{'marcador': '1-1', 'probabilidad': np.float64(14.8)}, {'marcador': '0-0', 'probabilidad': np.float64(12.8)}, {'marcador': '1-0', 'probabilidad': np.float64(11.5)}, {'marcador': '0-1', 'probabilidad': np.float64(9.8)}, {'marcador': '2-1', 'probabilidad': np.float64(8.6)}]","['Goles esperados según nuestro modelo: Bolton 1.16 — 1.01 Stoke (favorece a Bolton)', 'Forma reciente de Bolton (últimos 5): 2V-0E-3D — viene de ganar 2 partidos consecutivos', 'Forma reciente de Stoke (últimos 5): 4V-1E-0D — viene de ganar 2 partidos consecutivos', 'Índice de ataque (nuestro modelo): Bolton 0.80 de local vs Stoke 0.78 de visitante (1.00 = promedio de la liga)', 'Índice de defensa (nuestro modelo): Bolton 1.12 de local vs Stoke 1.01 de visitante (más bajo = defensa más sólida)', 'Índice de córners (nuestro modelo): Bolton genera 1.03 de local vs Stoke 1.07 de visitante (1.00 = promedio de la liga) — esto respalda el mercado de córners recomendado', 'El pick recomendado, ""Over 7.5 corners"", alcanza 86.6% de probabilidad calibrada según nuestro modelo.']",Over 7.5 corners,False,86.6,1.05,False,,23b8467e4efdab4833d7e38ccfc06353,Bolton Wanderers,Stoke City,True,completo,39.7,28.9,31.4,68.6,60.3,41.9,58.1,31.6,68.4,96.6,3.4,92.7,7.3,86.6,13.4,78.1,21.9,67.5,32.5,55.7,44.3,43.8,56.2,32.7,67.3,23.2,76.8,,,,,,,,,54.7,43.7,,,,,52.6,42.1,45.5,49.1,38.8,56.0,,,,,,,,,59.1,40.9,,,,,,,,,,,,32.6,,,18.9,,,,,,,45.1,53.3,,,32.8,62.2,,,51.2,48.8,,,,,,,,,,,,22.0,,,,,,,,,,,,43.4,56.6,36.0,64.0,,,,,,,,,,,,,,,,,,,,,,,,,,,,,,,,,,,,,,,,,,,,,,,,,,,,,,,,,,,,,,,,,,,,,,,,,,,,,,,,,,,,,,,,,,,,,,,,,,,,,,,,,,,,,,,,,,,,,51.0,37.1,36.5,62.0,29.8,68.8,51.3,37.9,27.5,62.5,66.3,26.8,37.4,62.6,70.1,29.9,89.0,11.0,96.9,3.1,15.5,62.6,37.4,29.9,70.1,11.0,,,,,,,,,,,,,,,,,,,,,,,,,,,,,,,,,,,,,,,,,,,,
2026-10-10 14:00:00,Preston,Millwall,https://crests.football-data.org/1081.png,https://crests.football-data.org/384.png,1.08,1.3,"[{'marcador': '1-1', 'probabilidad': np.float64(14.4)}, {'marcador': '0-0', 'probabilidad': np.float64(10.7)}, {'marcador': '0-1', 'probabilidad': np.float64(10.4)}, {'marcador': '1-2', 'probabilidad': np.float64(9.3)}, {'marcador': '1-0', 'probabilidad': np.float64(8.4)}]","['Goles esperados según nuestro modelo: Preston 1.08 — 1.30 Millwall (favorece a Millwall)', 'Forma reciente de Preston (últimos 5): 1V-1E-3D', 'Forma reciente de Millwall (últimos 5): 1V-2E-2D', 'Índice de ataque (nuestro modelo): Preston 0.85 de local vs Millwall 0.99 de visitante (1.00 = promedio de la liga)', 'Índice de defensa (nuestro modelo): Preston 1.14 de local vs Millwall 0.89 de visitante (más bajo = defensa más sólida)', 'El pick recomendado, ""Hándicap asiático +1.5: Preston"", alcanza 82.4% de probabilidad calibrada según nuestro modelo.']",Hándicap asiático +1.5: Preston,False,82.4,1.11,False,,1f9e31de12bb3b92a0deaaf9ee57af3d,Preston North End,Millwall,True,completo,32.7,28.3,39.0,61.0,67.3,47.3,52.7,37.7,62.3,96.6,3.4,92.7,7.3,86.6,13.4,78.1,21.9,67.6,32.4,55.8,44.2,43.9,56.1,32.8,67.2,23.3,76.7,,,54.2,44.1,42.9,55.5,33.3,65.2,26.6,72.1,,,54.3,40.4,47.1,47.5,40.1,54.6,33.9,61.1,,,,,,,,,55.4,44.6,,,,,,,,,,,,31.0,,,22.1,,,,,,,,,,,,,,,47.4,52.6,,,,,,,,,,,,18.2,,,,,,,,,,,,39.7,60.3,32.5,67.5,,,,,,,,,,,,,,,,,,,,,,,,,,,,,,,,,,,,,,,,,,,,,,,,,,,,,,,,,,,,,,,,,,,,,,,,,,,,,,,,,,,,,,,,,,,,,,,,,,,,,,,,,,,,,,,,,,,,,,,,,,,,,,,,,,,,,,,,,,,,,,,44.9,43.0,36.5,50.8,26.5,63.8,38.7,53.5,11.1,88.9,29.2,70.8,60.2,39.8,82.4,17.6,11.1,70.8,29.2,39.8,60.2,17.6,,,,,,,,,,,,,,,,,,,,,,
2026-10-10 14:00:00,Middlesbrough,Wolves,https://crests.football-data.org/343.png,https://crests.football-data.org/76.png,1.78,1.61,"[{'marcador': '1-1', 'probabilidad': np.float64(10.5)}, {'marcador': '2-1', 'probabilidad': np.float64(9.4)}, {'marcador': '1-2', 'probabilidad': np.float64(8.5)}, {'marcador': '2-2', 'probabilidad': np.float64(7.6)}, {'marcador': '3-1', 'probabilidad': np.float64(5.6)}]","['Goles esperados según nuestro modelo: Middlesbrough 1.78 — 1.61 Wolves (favorece a Middlesbrough)', 'Forma reciente de Middlesbrough (últimos 5): 2V-3E-0D', 'Forma reciente de Wolves (últimos 5): 3V-1E-1D — viene de ganar 2 partidos consecutivos', 'Índice de ataque (nuestro modelo): Middlesbrough 1.09 de local vs Wolves 1.63 de visitante (1.00 = promedio de la liga)', 'Índice de defensa (nuestro modelo): Middlesbrough 0.86 de local vs Wolves 1.14 de visitante (más bajo = defensa más sólida)', 'Índice de córners (nuestro modelo): Middlesbrough genera 1.21 de local vs Wolves 1.27 de visitante (1.00 = promedio de la liga) — esto respalda el mercado de córners recomendado', 'El pick recomendado, ""Over 1.5 goles + Over 5.5 corners"", alcanza 80.4% de probabilidad calibrada según nuestro modelo.']",Over 1.5 goles + Over 5.5 corners,True,80.4,1.14,False,,96673c1fdea1d48aa7440246f5e00bd6,Middlesbrough,Wolverhampton Wanderers,True,completo,41.7,26.4,31.9,68.1,58.3,69.8,30.2,65.9,34.1,96.9,3.1,93.4,6.6,87.6,12.4,79.5,20.5,69.3,30.7,57.8,42.2,45.9,54.1,34.7,65.3,24.9,75.1,,,60.3,38.1,49.4,49.0,38.9,59.5,30.7,67.9,,,,,,,51.4,43.2,44.5,50.1,,,,,,,,,,,,,,,,,,,,,,25.4,,,17.8,,,,,,,,,,,38.0,56.8,,,58.0,42.0,,,,,,,,,,,,19.8,,,,,,,,,,,,50.3,49.7,42.7,57.3,,,,,,,,,,,,,,,,,,,,,32.3,62.9,,,35.4,64.6,,,,,,,,,,,,,,,,,,,,,,,,,,,,,,,,,,,,,,,,,,,,,,,,,,,,,,,,,,,,,,,,,,,,,,,,,,,,,,,,,,,,,,,,,,,,,,,,,,,,,,,,,,,,,,,,,,,,,,,,,,,,,,,,,,,,,,,,,,,48.4,39.6,52.9,35.2,36.8,51.3,48.4,43.9,40.8,59.2,66.2,33.8,84.0,16.0,93.8,6.2,21.0,59.2,40.8,33.8,66.2,16.0
